"id","name","swings_competitive","percent_swings_competitive","contact","avg_bat_speed","hard_swing_rate","squared_up_per_bat_contact","squared_up_per_swing","blast_per_bat_contact","blast_per_swing","swing_length","swords","batter_run_value","whiffs","whiff_per_swing","batted_ball_events","batted_ball_event_per_swing"
519317,"Stanton, Giancarlo","715","0.91315453384418901660","485",81.22457560839159,"0.98601398601398601399",0.29896907216494845,0.20279720279720279,0.27628865979381445,0.1874125874125874,"8.5643913426573427","14",2.1099717685047104,"230",0.32167832167832167,"252",0.35244755244755244
665833,"Cruz, Oneil","876","0.91250000000000000000","590",78.56422159817348,"0.75570776255707762557",0.34067796610169493,0.22945205479452055,0.2457627118644068,0.16552511415525115,"7.6641861415525114","9",-15.425639015747851,"286",0.3264840182648402,"304",0.3470319634703196
656941,"Schwarber, Kyle","959","0.90471698113207547170","687",77.516124337852,"0.77997914494264859228",0.3245997088791849,0.23253388946819603,0.22998544395924309,0.16475495307612095,"7.7102020542231491","35",0.9527251472991852,"272",0.28362877997914493,"344",0.3587069864442127
592450,"Judge, Aaron","1010","0.91237579042457091238","721",77.14684953465343,"0.74752475247524752475",0.33841886269070737,0.24158415841584158,0.2579750346740638,0.18415841584158416,"8.1782675742574257","14",50.78048930042543,"289",0.2861386138613861,"343",0.33960396039603963
666176,"Adell, Jo","797","0.90465380249716231555","578",76.67403304893352,"0.65872020075282308657",0.2508650519031142,0.18193224592220827,0.1522491349480969,0.11041405269761606,"7.5550061480552070","20",-13.917371250404965,"219",0.27478042659974905,"262",0.328732747804266
656305,"Chapman, Matt","990","0.90493601462522851920","757",76.59964059595953,"0.64141414141414141414",0.2813738441215324,0.21515151515151515,0.18494055482166447,0.1414141414141414,"7.4511061212121212","21",-6.083159384976066,"233",0.23535353535353534,"348",0.3515151515151515
670541,"Alvarez, Yordan","914","0.91308691308691308691","741",76.54573699124731,"0.63019693654266958425",0.3427800269905533,0.2778993435448578,0.22402159244264508,0.18161925601750548,"7.5826078884026258","1",16.310452884626688,"173",0.18927789934354486,"406",0.4442013129102845
660271,"Ohtani, Shohei","1129","0.90682730923694779116","803",76.29870178033663,"0.63950398582816651904",0.386052303860523,0.2745792736935341,0.2577833125778331,0.183348095659876,"7.7409235163861825","10",33.81807181142173,"326",0.2887511071744907,"420",0.3720106288751107
683002,"Henderson, Gunnar","1109","0.90383048084759576202","868",76.28623981965738,"0.64472497745716862038",0.3225806451612903,0.25247971145175835,0.22811059907834103,0.17853922452660054,"7.2334858521190261","20",-4.427086656399383,"241",0.21731289449954913,"429",0.38683498647430115
677594,"Rodríguez, Julio","1093","0.90555095277547638774","768",76.25833207685278,"0.63403476669716376944",0.2955729166666667,0.20768526989935956,0.20572916666666666,0.1445562671546203,"7.8990784537968893","30",-10.523432746780554,"325",0.29734675205855443,"359",0.3284537968892955
666624,"Morel, Christopher","956","0.90530303030303030303","636",76.08846125523024,"0.64748953974895397490",0.3018867924528302,0.200836820083682,0.1761006289308176,0.11715481171548117,"8.0165528242677824","24",-32.73272408892092,"320",0.33472803347280333,"333",0.348326359832636
665489,"Guerrero Jr., Vladimir","1046","0.90956521739130434783","840",75.87768750478011,"0.57456978967495219885",0.34523809523809523,0.27724665391969405,0.24166666666666667,0.19407265774378585,"7.7394102963671128","9",23.941614862407533,"206",0.19694072657743786,"443",0.4235181644359465
665742,"Soto, Juan","921","0.90560471976401179941","748",75.42827408251907,"0.59174809989142236699",0.393048128342246,0.31921824104234525,0.25267379679144386,0.20521172638436483,"7.2872386536373507","28",13.054660138908618,"173",0.18783930510314875,"409",0.44408251900108575
624585,"Soler, Jorge","881","0.90824742268041237113","644",75.40653492622015,"0.56640181611804767310",0.296583850931677,0.21679909194097616,0.15683229813664595,0.11464245175936436,"7.9362812826333712","12",-12.181420421986774,"237",0.2690124858115778,"315",0.35754824063564133
671218,"Ramos, Heliot","873","0.90748440748440748441","654",75.24058119129441,"0.55211912943871706758",0.2981651376146789,0.22336769759450173,0.1834862385321101,0.13745704467353953,"6.9366714432989691","28",-2.2778186793288344,"219",0.2508591065292096,"319",0.3654066437571592
592669,"Renfroe, Hunter","631","0.91316931982633863965","496",75.24039505546747,"0.52773375594294770206",0.29838709677419356,0.23454833597464342,0.15725806451612903,0.12361331220285261,"7.6172678605388273","8",-9.63662292492691,"135",0.21394611727416799,"275",0.4358161648177496
624413,"Alonso, Pete","992","0.90018148820326678766","763",75.23499802419343,"0.51814516129032258065",0.2961992136304063,0.22782258064516128,0.18610747051114024,0.1431451612903226,"7.3180610786290323","19",-13.350889069899338,"229",0.23084677419354838,"387",0.3901209677419355
663586,"Riley, Austin","754","0.90843373493975903614","563",75.23038332891254,"0.53580901856763925729",0.3268206039076377,0.2440318302387268,0.2024866785079929,0.15119363395225463,"7.5092142572944297","24",-6.703269870715567,"191",0.253315649867374,"264",0.35013262599469497
641933,"O'Neill, Tyler","733","0.90605686032138442522","481",75.22371484311051,"0.51841746248294679400",0.28274428274428276,0.1855388813096862,0.18087318087318088,0.11869031377899045,"7.5942539290586630","11",-4.008923230203647,"252",0.34379263301500684,"209",0.28512960436562074
592518,"Machado, Manny","1033","0.90534618755477651183","811",75.21947457889642,"0.52565343659244917715",0.3193588162762022,0.25072604065827686,0.20838471023427868,0.16360116166505323,"7.7759552758954501","23",3.4797369977810533,"222",0.2149080348499516,"419",0.40561471442400776
682829,"De La Cruz, Elly","989","0.90567765567765567766","691",75.1842690293225,"0.53892821031344792720",0.31693198263386396,0.22143579373104147,0.18958031837916064,0.13245702730030334,"7.2819758240647118","31",5.629965398939741,"298",0.301314459049545,"350",0.3538928210313448
660821,"Sánchez, Jesús","891","0.90640895218718209563","614",75.16434883277213,"0.54433221099887766554",0.32247557003257327,0.2222222222222222,0.19055374592833876,0.13131313131313133,"7.1461954096520763","13",-19.328673994138846,"277",0.3108866442199775,"300",0.3367003367003367
663624,"Mountcastle, Ryan","896","0.90872210953346855984","690",75.09298212053571,"0.50558035714285714286",0.2753623188405797,0.21205357142857142,0.1608695652173913,0.12388392857142858,"7.4828784375000000","14",-12.630322507139113,"206",0.22991071428571427,"317",0.35379464285714285
572233,"Walker, Christian","915","0.90147783251231527094","708",75.04501966120215,"0.52786885245901639344",0.2612994350282486,0.20218579234972678,0.15819209039548024,0.12240437158469945,"7.5444976721311475","32",-21.167922957903155,"207",0.2262295081967213,"303",0.33114754098360655
670042,"Raley, Luke","752","0.90059880239520958084","512",74.97093402925535,"0.50797872340425531915",0.26953125,0.18351063829787234,0.16796875,0.11436170212765957,"7.2498889095744681","16",-7.490446779227743,"240",0.3191489361702128,"236",0.31382978723404253
671739,"Harris II, Michael","761","0.90595238095238095238","584",74.71957337713529,"0.47963206307490144547",0.3065068493150685,0.2352168199737188,0.1952054794520548,0.1498028909329829,"8.0609319053876478","11",-13.012959716470768,"177",0.2325886990801577,"300",0.39421813403416556
665487,"Tatis Jr., Fernando","636","0.90340909090909090909","478",74.71143441823905,"0.47798742138364779874",0.37447698744769875,0.28144654088050314,0.22594142259414227,0.16981132075471697,"7.3297734748427673","29",-7.5525565576113545,"158",0.24842767295597484,"252",0.39622641509433965
669394,"Burger, Jake","929","0.90281827016520894072","665",74.68849191603883,"0.46932185145317545748",0.33383458646616543,0.23896663078579117,0.20150375939849624,0.1442411194833154,"7.4839931108719053","17",-0.5982532531089716,"264",0.28417653390742736,"341",0.36706135629709363
682985,"Greene, Riley","890","0.90723751274209989806","661",74.6797560337078,"0.45730337078651685393",0.3071104387291982,0.22808988764044943,0.16944024205748864,0.1258426966292135,"7.1981487640449438","7",-0.8682915802270083,"229",0.2573033707865168,"308",0.34606741573033706
661388,"Contreras, William","1090","0.90682196339434276206","813",74.66873878899072,"0.50366972477064220183",0.34932349323493234,0.26055045871559634,0.2091020910209102,0.1559633027522936,"7.3418085871559633","24",0.7790077966516143,"277",0.25412844036697246,"419",0.38440366972477064
677951,"Witt Jr., Bobby","1111","0.91140278917145200984","875",74.66459503150315,"0.48334833483348334833",0.3485714285714286,0.2745274527452745,0.20457142857142857,0.16111611161116113,"7.0964571827182718","16",26.81403162697338,"236",0.21242124212421243,"468",0.42124212421242124
677800,"Abreu, Wilyer","756","0.90756302521008403361","557",74.55485899470898,"0.44576719576719576720",0.30700179533213645,0.2261904761904762,0.15978456014362658,0.11772486772486772,"7.3922877645502646","17",-9.365253961466966,"199",0.26322751322751325,"263",0.3478835978835979
673357,"Robert Jr., Luis","715","0.90163934426229508197","482",74.54360745454541,"0.47552447552447552448",0.2821576763485477,0.1902097902097902,0.15560165975103735,0.1048951048951049,"7.7373839860139860","12",-20.151218114331638,"233",0.3258741258741259,"233",0.3258741258741259
663728,"Raleigh, Cal","1112","0.90406504065040650407","790",74.51715710431654,"0.45143884892086330935",0.2848101265822785,0.20233812949640287,0.15949367088607594,0.11330935251798561,"7.7683741097122302","15",-10.419115347248711,"322",0.289568345323741,"339",0.30485611510791366
694671,"Langford, Wyatt","819","0.90297684674751929438","630",74.49387903540912,"0.48229548229548229548",0.31746031746031744,0.2442002442002442,0.18412698412698414,0.14163614163614163,"7.0068706349206349","8",-2.443631567075632,"189",0.23076923076923078,"340",0.41514041514041516
621439,"Buxton, Byron","658","0.90508940852819807428","460",74.32131126139826,"0.41793313069908814590",0.31521739130434784,0.22036474164133737,0.1673913043478261,0.11702127659574468,"8.0769337386018237","12",-0.6565535414791952,"198",0.3009118541033435,"221",0.33586626139817627
671732,"Butler, Lawrence","725","0.90738423028785982478","539",74.19212224827588,"0.43586206896551724138",0.3209647495361781,0.2386206896551724,0.17625231910946196,0.1310344827586207,"7.0714196551724138","12",2.802160280781944,"186",0.25655172413793104,"272",0.37517241379310345
669127,"Langeliers, Shea","853","0.91523605150214592275","621",74.13680409144193,"0.41969519343493552169",0.3252818035426731,0.23681125439624853,0.17713365539452497,0.12895662368112543,"7.2779461195779601","7",-10.776088332895618,"232",0.2719812426729191,"311",0.3645955451348183
624424,"Conforto, Michael","722","0.90589711417816813049","554",74.12210267313026,"0.42936288088642659280",0.3303249097472924,0.25346260387811637,0.17509025270758122,0.13434903047091412,"7.3757140166204986","5",-10.113073505649906,"168",0.23268698060941828,"286",0.3961218836565097
547180,"Harper, Bryce","1094","0.90562913907284768212","822",74.03577517367464,"0.41042047531992687386",0.2798053527980535,0.21023765996343693,0.17396593673965938,0.13071297989031078,"7.2884351096892139","13",0.2649846598046648,"272",0.24862888482632542,"358",0.3272394881170018
542303,"Ozuna, Marcell","1125","0.90725806451612903226","773",74.01180004444436,"0.42400000000000000000",0.33764553686934023,0.232,0.20310478654592498,0.13955555555555554,"7.3967841511111111","4",6.862620511818435,"352",0.3128888888888889,"376",0.3342222222222222
621566,"Olson, Matt","1239","0.91036002939015429831","913",73.79815655367224,"0.38740920096852300242",0.26506024096385544,0.19531880548829703,0.1511500547645126,0.11138014527845036,"7.3475583373688458","11",-24.09995105112589,"326",0.26311541565778856,"373",0.30104923325262306
681297,"Cowser, Colton","900","0.90452261306532663317","659",73.76186981111115,"0.40555555555555555556",0.3110773899848255,0.22777777777777777,0.16995447647951442,0.12444444444444444,"6.9321316777777778","23",-16.314134200808535,"241",0.2677777777777778,"309",0.3433333333333333
682998,"Carroll, Corbin","911","0.91282565130260521042","723",73.69314990120748,"0.36882546652030735456",0.34854771784232363,0.27661909989023054,0.1839557399723375,0.145993413830955,"7.0201557409440176","5",-17.800751559739282,"188",0.20636663007683864,"414",0.4544456641053787
606466,"Marte, Ketel","850","0.91006423982869379015","679",73.68302632941167,"0.40588235294117647059",0.38144329896907214,0.30470588235294116,0.203240058910162,0.1623529411764706,"7.6372264823529412","6",0.831067969434462,"171",0.2011764705882353,"347",0.4082352941176471
667670,"Rooker, Brent","1012","0.91007194244604316547","699",73.68173408102773,"0.37154150197628458498",0.32474964234620884,0.22430830039525693,0.18025751072961374,0.12450592885375494,"7.0795767984189723","29",22.686134554854466,"313",0.3092885375494071,"345",0.3409090909090909
662139,"Varsho, Daulton","819","0.90899001109877913430","605",73.66690459096455,"0.34432234432234432234",0.2396694214876033,0.17704517704517705,0.11074380165289256,0.08180708180708181,"7.6287425641025641","6",-16.387471259171548,"214",0.2612942612942613,"279",0.34065934065934067
679529,"Torkelson, Spencer","600","0.90497737556561085973","455",73.63425563333345,"0.30333333333333333333",0.2703296703296703,0.205,0.12747252747252746,0.09666666666666666,"7.5366981500000000","10",-19.68541845372378,"145",0.24166666666666667,"205",0.3416666666666667
680776,"Duran, Jarren","1138","0.91112890312249799840","879",73.60089762741643,"0.36203866432337434095",0.3003412969283277,0.23198594024604569,0.17747440273037543,0.13708260105448156,"7.5579401933216169","21",-2.869828968993811,"259",0.22759226713532513,"447",0.3927943760984183
642715,"Adames, Willy","1185","0.90665646518745218057","861",73.59786865822792,"0.33248945147679324895",0.29036004645760743,0.2109704641350211,0.13472706155632985,0.09789029535864979,"8.1053635021097046","9",5.035416429180367,"324",0.27341772151898736,"403",0.340084388185654
687401,"Ortiz, Joey","722","0.90703517587939698492","614",73.4311406094184,"0.35180055401662049861",0.2703583061889251,0.2299168975069252,0.1270358306188925,0.10803324099722991,"7.5281777839335180","8",-1.6296595138958907,"108",0.14958448753462603,"311",0.4307479224376731
664040,"Lowe, Brandon","770","0.90058479532163742690","545",73.42883107792208,"0.35974025974025974026",0.30825688073394497,0.21818181818181817,0.1724770642201835,0.12207792207792208,"7.1220468181818182","27",-5.29715664959774,"225",0.2922077922077922,"254",0.32987012987012987
592626,"Pederson, Joc","662","0.90068027210884353741","508",73.37309377643504,"0.37160120845921450151",0.28937007874015747,0.22205438066465258,0.1594488188976378,0.12235649546827794,"7.6935153776435045","10",-0.26715182229311496,"154",0.2326283987915408,"223",0.3368580060422961
663993,"Lowe, Nathaniel","903","0.90571715145436308927","736",73.31284666666664,"0.29346622369878183832",0.2826086956521739,0.23034330011074197,0.15217391304347827,0.12403100775193798,"7.2694856921373200","23",-7.256497340627312,"167",0.1849390919158361,"348",0.3853820598006645
664913,"Brown, Seth","685","0.91211717709720372836","498",73.30077018978106,"0.28175182481751824818",0.3092369477911647,0.22481751824817517,0.14457831325301204,0.10510948905109489,"7.2079967445255474","14",-18.927761450420583,"187",0.272992700729927,"229",0.3343065693430657
666139,"Lowe, Josh","765","0.90532544378698224852","522",73.29749416993471,"0.32679738562091503268",0.28160919540229884,0.19215686274509805,0.13409961685823754,0.0915032679738562,"7.1500561699346405","9",-19.107761209111136,"243",0.3176470588235294,"214",0.2797385620915033
607043,"Nimmo, Brandon","1047","0.91122715404699738903","820",73.26807954154735,"0.34861509073543457498",0.3097560975609756,0.24259789875835722,0.1548780487804878,0.12129894937917861,"7.2936597994269341","15",-8.367324265784335,"227",0.21680993314231137,"376",0.35912129894937916
650490,"Díaz, Yandy","902","0.90927419354838709677","788",73.25805833702884,"0.34368070953436807095",0.36548223350253806,0.31929046563192903,0.21954314720812182,0.1917960088691796,"7.5165517184035477","2",-13.074531621567898,"114",0.12638580931263857,"414",0.458980044345898
606192,"Hernández, Teoscar","1106","0.90507364975450081833","744",73.23448958408673,"0.31735985533453887884",0.2956989247311828,0.19891500904159132,0.18548387096774194,0.12477396021699819,"7.7616858499095841","29",-6.403501061279439,"362",0.32730560578661844,"349",0.3155515370705244
521692,"Perez, Salvador","1143","0.90498812351543942993","848",73.21971847769034,"0.33333333333333333333",0.33608490566037735,0.24934383202099739,0.17570754716981132,0.13035870516185477,"7.9304364654418198","15",-4.533066978340921,"295",0.25809273840769903,"420",0.3674540682414698
669357,"Gorman, Nolan","631","0.90014265335235378031","418",73.21573011093507,"0.30269413629160063391",0.2607655502392344,0.17274167987321712,0.14114832535885166,0.09350237717908082,"7.5250394136291601","15",-16.351343446632587,"213",0.3375594294770206,"188",0.2979397781299525
592663,"Realmuto, J.T.","650","0.91036414565826330532","493",73.18122873846156,"0.35692307692307692308",0.2961460446247465,0.2246153846153846,0.16835699797160245,0.1276923076923077,"7.6450982461538462","8",-4.830918583747572,"157",0.24153846153846154,"238",0.36615384615384616
694192,"Chourio, Jackson","860","0.90621707060063224447","648",73.15158776744195,"0.33953488372093023256",0.3441358024691358,0.2593023255813954,0.17746913580246915,0.13372093023255813,"7.3700659767441860","22",2.8010751440047246,"212",0.24651162790697675,"349",0.40581395348837207
669911,"Toglia, Michael","752","0.90931076178960096735","507",73.15121752659572,"0.29255319148936170213",0.3175542406311637,0.21409574468085107,0.1854043392504931,0.125,"7.5402945611702128","21",-18.03768010935557,"245",0.3257978723404255,"234",0.31117021276595747
666160,"Moniak, Mickey","752","0.90602409638554216867","539",73.1453579255319,"0.28590425531914893617",0.2820037105751391,0.20212765957446807,0.12987012987012986,0.09308510638297872,"7.6857526861702128","10",-14.99539941057589,"213",0.28324468085106386,"256",0.3404255319148936
623993,"Santander, Anthony","1179","0.90762124711316397229","950",73.12320469889734,"0.33757421543681085666",0.2768421052631579,0.22307039864291772,0.13894736842105262,0.11195928753180662,"7.2461363528413910","5",-9.174341898285439,"229",0.19423240033927056,"424",0.359626802374894
681624,"Pages, Andy","764","0.90307328605200945626","573",73.06713090314138,"0.27748691099476439791",0.28097731239092494,0.2107329842931937,0.14136125654450263,0.10602094240837696,"7.7306614528795812","11",-24.42921882376347,"191",0.25,"266",0.3481675392670157
664238,"Moore, Dylan","658","0.90260631001371742112","508",73.04531989361708,"0.27811550151975683891",0.26968503937007876,0.20820668693009117,0.10826771653543307,0.08358662613981763,"7.1199545288753799","16",-20.724698902400405,"150",0.22796352583586627,"228",0.3465045592705167
673548,"Suzuki, Seiya","852","0.90158730158730158730","655",72.96161625586846,"0.34976525821596244131",0.33435114503816793,0.25704225352112675,0.1801526717557252,0.13849765258215962,"7.1918458685446009","17",13.494370070743727,"197",0.2312206572769953,"327",0.38380281690140844
502110,"Martinez, J.D.","842","0.90053475935828877005","592",72.9446516864609,"0.28503562945368171021",0.28378378378378377,0.1995249406175772,0.14020270270270271,0.09857482185273159,"8.4140473871733967","29",-17.951768412746375,"250",0.29691211401425177,"254",0.3016627078384798
647304,"Naylor, Josh","984","0.90358126721763085399","788",72.88207025406496,"0.32723577235772357724",0.3413705583756345,0.2733739837398374,0.15862944162436549,0.12703252032520326,"7.6364467581300813","11",-9.51637498034808,"196",0.1991869918699187,"410",0.4166666666666667
680777,"Jeffers, Ryan","751","0.90047961630695443645","592",72.88053825565919,"0.34087882822902796272",0.27364864864864863,0.21571238348868177,0.13344594594594594,0.1051930758988016,"7.4664962450066578","23",-5.555043028131986,"159",0.21171770972037285,"297",0.3954727030625832
571745,"Haniger, Mitch","644","0.90069930069930069930","448",72.87590616459626,"0.26086956521739130435",0.3482142857142857,0.2422360248447205,0.16517857142857142,0.11490683229813664,"7.0976158074534161","22",-26.08583034838303,"196",0.30434782608695654,"231",0.358695652173913
669004,"Melendez, MJ","845","0.90958019375672766416","603",72.7920258461538,"0.32662721893491124260",0.296849087893864,0.2118343195266272,0.15091210613598674,0.1076923076923077,"7.6623106508875740","14",-32.92841613346245,"242",0.2863905325443787,"265",0.3136094674556213
668227,"Arozarena, Randy","964","0.90009337068160597572","705",72.74487632780085,"0.33402489626556016598",0.32907801418439714,0.24066390041493776,0.15886524822695036,0.11618257261410789,"7.3831954564315353","15",-23.598308132397,"259",0.26867219917012447,"347",0.3599585062240664
457705,"McCutchen, Andrew","768","0.90246768507638072855","570",72.7377012500001,"0.25260416666666666667",0.312280701754386,0.23177083333333334,0.14912280701754385,0.11067708333333333,"7.6042034375000000","11",-15.71996995082598,"198",0.2578125,"291",0.37890625
672284,"Kelenic, Jarred","729","0.90334572490706319703","492",72.6851775857339,"0.24828532235939643347",0.3475609756097561,0.2345679012345679,0.16463414634146342,0.1111111111111111,"7.3112531001371742","18",-19.815821704180028,"237",0.32510288065843623,"244",0.3347050754458162
657757,"Sheets, Gavin","838","0.90204520990312163617","670",72.6714157875895,"0.29713603818615751790",0.282089552238806,0.22553699284009546,0.12686567164179105,0.10143198090692124,"7.5681789737470167","27",-11.970211727483425,"168",0.20047732696897375,"320",0.3818615751789976
502054,"Pham, Tommy","694","0.91076115485564304462","552",72.63141007204614,"0.21757925072046109510",0.3677536231884058,0.29250720461095103,0.1793478260869565,0.14265129682997119,"6.8762845244956772","14",-3.4735395256849664,"142",0.20461095100864554,"307",0.4423631123919308
665161,"Peña, Jeremy","1028","0.90893015030946065429","776",72.62044988326848,"0.22470817120622568093",0.33762886597938147,0.25486381322957197,0.14948453608247422,0.11284046692607004,"7.6352902821011673","13",-29.188176636919774,"252",0.245136186770428,"435",0.42315175097276264
673237,"Diaz, Yainer","1049","0.90509059534081104400","809",72.54639731172553,"0.23641563393708293613",0.34487021013597036,0.2659675881792183,0.17181705809641531,0.1325071496663489,"7.4157606482364156","17",-4.057163141244264,"240",0.22878932316491898,"427",0.4070543374642517
646240,"Devers, Rafael","1009","0.90331244404655326768","718",72.53523080277503,"0.27948463825569871160",0.32729805013927576,0.23290386521308226,0.1935933147632312,0.1377601585728444,"7.4467431219028741","24",-11.566567985486012,"291",0.288404360753221,"331",0.3280475718533201
641857,"McMahon, Ryan","1069","0.90439932318104906937","763",72.5140731805426,"0.26286248830682881197",0.3132372214941022,0.2235734331150608,0.16382699868938402,0.11693171188026193,"7.2060473433115061","28",-20.833238706035914,"306",0.2862488306828812,"334",0.3124415341440599
502671,"Goldschmidt, Paul","1111","0.90916530278232405892","824",72.48416544554465,"0.24302430243024302430",0.33495145631067963,0.24842484248424843,0.1796116504854369,0.1332133213321332,"7.7508739873987399","10",-25.46423884484165,"287",0.2583258325832583,"388",0.34923492349234925
642350,"Siri, Jose","738","0.90000000000000000000","455",72.47002040650408,"0.27235772357723577236",0.2725274725274725,0.16802168021680217,0.14945054945054945,0.0921409214092141,"7.8421582926829268","20",-19.772927227582073,"283",0.38346883468834686,"206",0.2791327913279133
596019,"Lindor, Francisco","1116","0.91027732463295269168","857",72.42848796594976,"0.23566308243727598566",0.3733955659276546,0.2867383512544803,0.18203033838973162,0.13978494623655913,"7.5653746594982079","13",-3.50933494351771,"259",0.23207885304659498,"439",0.39336917562724016
669224,"Wells, Austin","686","0.90382081686429512516","510",72.42627067055393,"0.21720116618075801749",0.3137254901960784,0.23323615160349853,0.1627450980392157,0.12099125364431487,"7.4046037900874636","11",-12.485458912750255,"176",0.2565597667638484,"244",0.3556851311953353
656811,"O'Hearn, Ryan","785","0.91279069767441860465","658",72.3746794777071,"0.24331210191082802548",0.3373860182370821,0.28280254777070063,0.14893617021276595,0.12484076433121019,"7.1385621273885350","6",-12.925195541551249,"127",0.16178343949044585,"344",0.43821656050955415
516782,"Marte, Starling","577","0.90866141732283464567","412",72.35535887348357,"0.25476603119584055459",0.33980582524271846,0.24263431542461006,0.17718446601941748,0.1265164644714038,"7.2849485095320624","11",-3.550813199296913,"165",0.28596187175043325,"218",0.3778162911611785
664023,"Happ, Ian","1071","0.90609137055837563452","783",72.35314433239972,"0.23716153127917833800",0.31800766283524906,0.23249299719887956,0.15070242656449553,0.11017740429505135,"6.9586799439775910","18",-17.333896437307114,"288",0.2689075630252101,"357",0.3333333333333333
608369,"Seager, Corey","820","0.90507726269315673289","642",72.28371271951221,"0.20853658536585365854",0.3333333333333333,0.26097560975609757,0.19470404984423675,0.1524390243902439,"6.6465514146341463","14",0.46929844702104134,"178",0.21707317073170732,"318",0.3878048780487805
682928,"Abrams, CJ","1024","0.90220264317180616740","794",72.24480225585937,"0.23925781250000000000",0.31863979848866497,0.2470703125,0.13476070528967254,0.1044921875,"7.5036942675781250","32",-15.226329468007673,"230",0.224609375,"379",0.3701171875
664761,"Bohm, Alec","891","0.90548780487804878049","741",72.24115267115606,"0.21661054994388327722",0.3913630229419703,0.3254769921436588,0.18758434547908232,0.15600448933782268,"7.3912982828282828","9",4.224269928564642,"150",0.16835016835016836,"415",0.4657687991021324
553993,"Suárez, Eugenio","1025","0.90308370044052863436","742",72.2064146634145,"0.21463414634146341463",0.30727762803234504,0.2224390243902439,0.1495956873315364,0.10829268292682927,"7.7821313853658537","34",-3.5081063756773663,"283",0.2760975609756098,"352",0.3434146341463415
701538,"Merrill, Jackson","1034","0.90463692038495188101","841",72.18278806576409,"0.21566731141199226306",0.3055885850178359,0.24854932301740812,0.15101070154577884,0.12282398452611218,"7.5273925145067698","27",-6.686179934858417,"193",0.18665377176015474,"384",0.3713733075435203
666181,"Benson, Will","650","0.90277777777777777778","407",72.08176756923075,"0.20769230769230769231",0.257985257985258,0.16153846153846155,0.10319410319410319,0.06461538461538462,"7.8730006769230769","17",-21.417341499505184,"243",0.37384615384615383,"160",0.24615384615384617
657557,"DeJong, Paul","936","0.90873786407766990291","634",72.0402051923078,"0.15491452991452991453",0.2697160883280757,0.18269230769230768,0.11987381703470032,0.0811965811965812,"6.8999711431623932","11",-22.098034021820293,"302",0.32264957264957267,"274",0.29273504273504275
657136,"Wong, Connor","822","0.90329670329670329670","595",72.01319633819952,"0.17518248175182481752",0.29411764705882354,0.21289537712895376,0.13277310924369748,0.09610705596107055,"7.3449219464720195","11",-9.505505043213109,"227",0.2761557177615572,"294",0.35766423357664234
666969,"García, Adolis","1106","0.90138549307253463733","749",71.9505244122966,"0.22965641952983725136",0.33377837116154874,0.22603978300180833,0.16421895861148197,0.1112115732368897,"7.8564441862567812","14",-37.937375456412134,"357",0.3227848101265823,"359",0.32459312839059673
665862,"Chisholm Jr., Jazz","924","0.90944881889763779528","650",71.94780040043287,"0.23268398268398268398",0.32461538461538464,0.22835497835497837,0.15076923076923077,0.10606060606060606,"7.4932078030303030","11",-27.23195937985336,"274",0.29653679653679654,"313",0.33874458874458874
641487,"Crawford, J.P.","651","0.90668523676880222841","524",71.92572615975432,"0.23195084485407066052",0.2900763358778626,0.23348694316436253,0.12213740458015267,0.09831029185867896,"7.2702896159754224","5",-24.747559407532613,"127",0.19508448540706605,"250",0.38402457757296465
543807,"Springer, George","949","0.90037950664136622391","730",71.8990285985249,"0.22339304531085353003",0.33013698630136984,0.25395152792413067,0.15205479452054796,0.11696522655426765,"7.4315015173867229","24",-25.71678957438911,"219",0.23076923076923078,"367",0.38672286617492097
592206,"Castellanos, Nick","1144","0.90649762282091917591","809",71.87211009615389,"0.22814685314685314685",0.33250927070457353,0.23513986013986013,0.12360939431396786,0.08741258741258741,"7.5819081905594406","12",-21.172270431685977,"335",0.2928321678321678,"413",0.361013986013986
669016,"Marsh, Brandon","700","0.90322580645161290323","522",71.85775465714279,"0.14857142857142857143",0.3333333333333333,0.24857142857142858,0.15134099616858238,0.11285714285714285,"7.2000984428571429","4",-4.16454759015739,"178",0.2542857142857143,"243",0.34714285714285714
668901,"Vientos, Mark","761","0.90919952210274790920","512",71.82471989487519,"0.20630749014454664915",0.35546875,0.23915900131406045,0.193359375,0.13009198423127463,"7.5727347700394218","18",0.34811051066440724,"249",0.3272010512483574,"253",0.3324572930354796
641584,"Fraley, Jake","661","0.90300546448087431694","528",71.80723450832068,"0.19969742813918305598",0.25757575757575757,0.20574886535552195,0.07196969696969698,0.057488653555219364,"7.0766630105900151","1",-21.682851400076295,"133",0.20121028744326777,"251",0.37972768532526474
650559,"De La Cruz, Bryan","1074","0.90252100840336134454","781",71.77776210428304,"0.19832402234636871508",0.3265044814340589,0.23743016759776536,0.1267605633802817,0.09217877094972067,"7.6931054748603352","20",-27.235320938603383,"293",0.27281191806331473,"374",0.34823091247672255
467793,"Santana, Carlos","892","0.90558375634517766497","698",71.76066921524668,"0.19394618834080717489",0.36103151862464183,0.2825112107623318,0.1361031518624642,0.10650224215246637,"7.5725715022421525","8",-28.944193200899704,"194",0.21748878923766815,"373",0.41816143497757846
672820,"Sosa, Lenyn","642","0.90295358649789029536","520",71.74981362928362,"0.16978193146417445483",0.3326923076923077,0.26947040498442365,0.125,0.10124610591900311,"7.3644011838006231","6",-11.984858158478099,"122",0.19003115264797507,"259",0.40342679127725856
621020,"Swanson, Dansby","991","0.90419708029197080292","725",71.7344160343089,"0.12815338042381432896",0.33379310344827584,0.24419778002018164,0.15448275862068966,0.11301715438950555,"7.4402741775983855","22",-15.97839459283468,"266",0.2684157416750757,"354",0.35721493440968716
668709,"Bleday, JJ","961","0.90234741784037558685","728",71.7277449115505,"0.16545265348595213319",0.35027472527472525,0.26534859521331944,0.15521978021978022,0.11758584807492195,"7.2842542455775234","24",-22.02838820209707,"233",0.24245577523413112,"397",0.413111342351717
663898,"Rodgers, Brendan","802","0.90112359550561797753","612",71.72187432668322,"0.25187032418952618454",0.315359477124183,0.24064837905236908,0.1437908496732026,0.10972568578553615,"7.1420569326683292","26",-5.646208121878516,"190",0.23690773067331672,"301",0.37531172069825436
686469,"Pasquantino, Vinnie","872","0.91213389121338912134","754",71.71445357798164,"0.19839449541284403670",0.3713527851458886,0.3211009174311927,0.16312997347480107,0.14105504587155962,"7.4006080963302752","10",-3.1322460529011074,"118",0.1353211009174312,"391",0.44839449541284404
657041,"Thomas, Lane","774","0.90209790209790209790","615",71.69038630490954,"0.16925064599483204134",0.32682926829268294,0.2596899224806202,0.15284552845528454,0.12144702842377261,"6.7585265891472868","19",-12.312223626265745,"159",0.2054263565891473,"310",0.4005167958656331
595777,"Profar, Jurickson","974","0.90352504638218923933","815",71.68492277207396,"0.22689938398357289528",0.3239263803680982,0.27104722792607805,0.12883435582822086,0.10780287474332649,"7.3454090451745380","12",-14.155097260899524,"159",0.16324435318275154,"364",0.3737166324435318
663697,"India, Jonathan","830","0.90413943355119825708","683",71.6742843975904,"0.22168674698795180723",0.3074670571010249,0.25301204819277107,0.12445095168374817,0.10240963855421686,"7.1687586144578313","25",-15.974655483731324,"147",0.17710843373493976,"341",0.4108433734939759
571771,"Hernández, Enrique","623","0.91081871345029239766","486",71.65731624398079,"0.19422150882825040128",0.3395061728395062,0.26484751203852325,0.11522633744855967,0.0898876404494382,"7.3709355858747994","6",-12.907715848067442,"137",0.21990369181380418,"250",0.4012841091492777
671277,"García Jr., Luis","810","0.90200445434298440980","644",71.65533960493833,"0.22716049382716049383",0.35248447204968947,0.2802469135802469,0.16149068322981366,0.12839506172839507,"7.2874759629629630","10",1.0341216376395717,"166",0.20493827160493827,"354",0.43703703703703706
680869,"Gelof, Zack","896","0.90413723511604439960","583",71.62430863839289,"0.11718750000000000000",0.30360205831903947,0.19754464285714285,0.12006861063464837,0.078125,"7.3272644196428571","23",-29.01172922923727,"313",0.34933035714285715,"285",0.31808035714285715
607208,"Turner, Trea","905","0.90409590409590409590","680",71.60324072928181,"0.17127071823204419890",0.3411764705882353,0.256353591160221,0.1338235294117647,0.1005524861878453,"7.5894100552486188","15",-6.601283911342186,"225",0.24861878453038674,"349",0.3856353591160221
668715,"Steer, Spencer","990","0.90000000000000000000","778",71.56088758585858,"0.13636363636363636364",0.32519280205655526,0.25555555555555554,0.12724935732647816,0.1,"7.3681251313131313","21",-8.95687208324993,"212",0.21414141414141413,"388",0.39191919191919194
668804,"Reynolds, Bryan","1094","0.90189612530915086562","798",71.55114393053024,"0.17093235831809872029",0.3659147869674185,0.26691042047531993,0.17418546365914786,0.12705667276051189,"6.8438772577696527","31",-8.42600475890999,"296",0.27056672760511885,"413",0.37751371115173676
608070,"Ramírez, José","1135","0.90079365079365079365","991",71.54437453744508,"0.18854625550660792952",0.32593340060544906,0.2845814977973568,0.14228052472250252,0.12422907488986784,"7.2699646872246696","17",11.11612272487669,"144",0.12687224669603525,"485",0.42731277533039647
686676,"Lee, Korey","733","0.90382244143033292232","471",71.4228446248295,"0.14051841746248294679",0.30148619957537154,0.1937244201909959,0.14225053078556263,0.09140518417462483,"7.2080185948158254","16",-22.930794328215594,"262",0.35743519781718963,"231",0.3151432469304229
596146,"Kepler, Max","675","0.90120160213618157543","526",71.36547066666664,"0.19407407407407407407",0.3288973384030418,0.2562962962962963,0.13688212927756654,0.10666666666666667,"7.4499343851851852","15",-26.71354410399177,"149",0.22074074074074074,"263",0.3896296296296296
608324,"Bregman, Alex","906","0.90419161676646706587","806",71.3347392935982,"0.11920529801324503311",0.3784119106699752,0.336644591611479,0.1327543424317618,0.11810154525386314,"7.0068560706401766","7",-8.8255789919113,"100",0.11037527593818984,"446",0.4922737306843267
678662,"Tovar, Ezequiel","1285","0.90492957746478873239","876",71.31665060700382,"0.18910505836575875486",0.3059360730593607,0.2085603112840467,0.11757990867579908,0.08015564202334631,"7.5456317354085603","17",-4.252188384257059,"409",0.31828793774319064,"405",0.3151750972762646
672275,"Bailey, Patrick","726","0.90523690773067331671","564",71.29382641873273,"0.13223140495867768595",0.3617021276595745,0.2809917355371901,0.15602836879432624,0.12121212121212122,"7.2790111019283747","9",-29.168372589091746,"162",0.2231404958677686,"275",0.3787878787878788
690993,"Keith, Colt","838","0.90107526881720430108","656",71.28796853221962,"0.14319809069212410501",0.35365853658536583,0.27684964200477324,0.12957317073170732,0.10143198090692124,"6.6643684128878282","14",-10.375223098069727,"182",0.2171837708830549,"363",0.4331742243436754
665750,"Taveras, Leody","811","0.90311804008908685969","598",71.27085471023419,"0.14796547472256473490",0.32608695652173914,0.2404438964241677,0.14381270903010032,0.1060419235511714,"7.4576902342786683","6",-25.37319643434292,"213",0.2626387176325524,"319",0.3933415536374846
666158,"Lux, Gavin","733","0.90605686032138442522","577",71.2366194952252,"0.15552523874488403820",0.32582322357019067,0.25648021828103684,0.1386481802426343,0.10914051841746249,"7.2568996180081855","18",-7.935403485440754,"156",0.21282401091405184,"289",0.3942701227830832
656555,"Hoskins, Rhys","806","0.89955357142857142857","616",71.19676461538458,"0.13027295285359801489",0.3003246753246753,0.22952853598014888,0.12175324675324675,0.09305210918114144,"8.1015068114143921","23",-15.15041592829061,"190",0.23573200992555832,"261",0.3238213399503722
676475,"Burleson, Alec","995","0.89963833634719710669","830",71.18966751758794,"0.17989949748743718593",0.3710843373493976,0.30954773869346736,0.13253012048192772,0.11055276381909548,"7.4595959095477387","11",-14.88449714585297,"165",0.1658291457286432,"424",0.42613065326633165
664056,"Bader, Harrison","644","0.90322580645161290323","497",71.16863121118011,"0.19875776397515527950",0.33400402414486924,0.2577639751552795,0.13279678068410464,0.10248447204968944,"7.0561277950310559","16",-18.61205063608154,"147",0.22826086956521738,"278",0.43167701863354035
663837,"Vierling, Matt","858","0.90506329113924050633","696",71.08446265734268,"0.11771561771561771562",0.36063218390804597,0.2925407925407925,0.15517241379310345,0.1258741258741259,"7.4125484382284382","7",-12.965179585559211,"162",0.1888111888111888,"358",0.4172494172494173
693304,"Gonzales, Nick","673","0.90335570469798657718","522",71.07420604754832,"0.12927191679049034175",0.3275862068965517,0.2540861812778603,0.13984674329501914,0.10846953937592868,"7.2675376374442793","16",-11.028115015228611,"151",0.22436849925705796,"269",0.399702823179792
664034,"France, Ty","880","0.90534979423868312757","680",71.03361150000002,"0.14318181818181818182",0.31176470588235294,0.2409090909090909,0.12058823529411765,0.09318181818181819,"7.5937008181818182","17",-29.083892479566593,"200",0.22727272727272727,"332",0.37727272727272726
676059,"Westburg, Jordan","684","0.90356671070013210040","496",71.03064264619886,"0.10964912280701754386",0.375,0.2719298245614035,0.16532258064516128,0.11988304093567251,"6.8199176900584795","16",-0.6118488239408535,"188",0.27485380116959063,"265",0.38742690058479534
669304,"Miranda, Jose","692","0.90575916230366492147","559",71.01443536127168,"0.15606936416184971098",0.3595706618962433,0.2904624277456647,0.13416815742397137,0.10838150289017341,"7.5825508815028902","25",-14.705291023151954,"133",0.19219653179190752,"298",0.430635838150289
687263,"Neto, Zach","921","0.90294117647058823529","692",70.97595160694898,"0.14657980456026058632",0.33815028901734107,0.254071661237785,0.13872832369942195,0.10423452768729642,"7.1088022258414767","37",-7.850622327211406,"229",0.248642779587405,"346",0.3756786102062975
656775,"Mullins, Cedric","820","0.90407938257993384785","682",70.95875023170744,"0.07560975609756097561",0.2844574780058651,0.23658536585365852,0.10117302052785923,0.08414634146341464,"7.5033617682926829","4",-14.085023992700027,"138",0.16829268292682928,"305",0.3719512195121951
573262,"Yastrzemski, Mike","757","0.90658682634730538922","570",70.94695535006599,"0.05548216644649933950",0.35789473684210527,0.26948480845442535,0.14210526315789473,0.10700132100396301,"7.5561130911492734","11",-13.463949910088733,"187",0.24702774108322326,"284",0.3751651254953765
686668,"Doyle, Brenton","917","0.90433925049309664694","650",70.93317810250817,"0.08069792802617230098",0.34307692307692306,0.24318429661941113,0.1523076923076923,0.1079607415485278,"7.3617507197382770","20",-10.490413189796962,"267",0.29116684841875684,"339",0.3696837513631407
606115,"Arcia, Orlando","938","0.90279114533205004812","708",70.88294118336893,"0.13539445628997867804",0.3418079096045198,0.2579957356076759,0.1228813559322034,0.09275053304904052,"7.9086556716417910","25",-50.49966560381856,"230",0.24520255863539445,"373",0.3976545842217484
686681,"Massey, Michael","611","0.90117994100294985251","515",70.8748095417349,"0.08837970540098199673",0.3592233009708738,0.3027823240589198,0.1203883495145631,0.10147299509001637,"7.1741585924713584","6",-5.890169972549412,"96",0.15711947626841244,"268",0.4386252045826514
663886,"Stephenson, Tyler","724","0.90049751243781094527","590",70.84533017955806,"0.09392265193370165746",0.37457627118644066,0.3052486187845304,0.15593220338983052,0.1270718232044199,"7.4397323895027624","31",-1.5591156698566921,"134",0.1850828729281768,"306",0.42265193370165743
676356,"DeLuca, Jonny","627","0.89956958393113342898","487",70.8387662519935,"0.11164274322169059011",0.26078028747433263,0.2025518341307815,0.08008213552361396,0.06220095693779904,"7.6480511483253589","11",-22.374904338536105,"140",0.22328548644338117,"230",0.3668261562998405
683734,"Vaughn, Andrew","982","0.90423572744014732965","786",70.77921929735247,"0.12016293279022403259",0.35368956743002544,0.2830957230142566,0.16157760814249364,0.12932790224032586,"7.5551611099796334","12",-18.865781656581802,"196",0.19959266802443992,"395",0.40224032586558045
672580,"Garcia, Maikel","848","0.90308839190628328009","736",70.76156031839618,"0.10849056603773584906",0.40896739130434784,0.35495283018867924,0.15896739130434784,0.13797169811320756,"7.1502185023584906","12",-25.630461951363053,"112",0.1320754716981132,"422",0.49764150943396224
664728,"Isbel, Kyle","608","0.90746268656716417910","495",70.75388726973688,"0.11019736842105263158",0.3373737373737374,0.2746710526315789,0.13131313131313133,0.1069078947368421,"7.1488970230263158","5",-12.72357156735772,"113",0.18585526315789475,"259",0.42598684210526316
571448,"Arenado, Nolan","983","0.90100824931255728689","840",70.74973215666341,"0.12817904374364191251",0.32261904761904764,0.27568667344862663,0.09166666666666666,0.07833163784333673,"8.2208758799593082","29",-10.312063901051811,"143",0.14547304170905392,"434",0.44150559511698884
593428,"Bogaerts, Xander","642","0.89915966386554621849","535",70.68186034267912,"0.15264797507788161994",0.37009345794392523,0.308411214953271,0.12897196261682242,0.10747663551401869,"7.2060220872274143","9",-11.35637243271444,"107",0.16666666666666666,"294",0.45794392523364486
681351,"O'Hoppe, Logan","855","0.90000000000000000000","589",70.67989454970751,"0.17426900584795321637",0.3293718166383701,0.22690058479532163,0.1460101867572156,0.10058479532163743,"7.3042476257309942","41",-22.22647055474207,"266",0.3111111111111111,"278",0.32514619883040935
672640,"Lopez, Otto","686","0.90026246719160104987","544",70.67582435860054,"0.13994169096209912536",0.3786764705882353,0.30029154518950435,0.14154411764705882,0.11224489795918367,"6.5601871720116618","19",-4.581168396678201,"142",0.20699708454810495,"298",0.43440233236151604
650489,"Castro, Willi","1091","0.90165289256198347107","789",70.64335109074251,"0.15490375802016498625",0.2902408111533587,0.20989917506874428,0.12040557667934093,0.08707607699358387,"7.0821130889092576","18",-12.08648152641449,"302",0.2768102658111824,"364",0.33363886342804766
666310,"Naylor, Bo","653","0.90193370165745856354","481",70.59398387442566,"0.09800918836140888208",0.31392931392931395,0.23124042879019907,0.12474012474012475,0.09188361408882083,"7.4195107810107198","20",-18.98539421696907,"172",0.26339969372128635,"214",0.327718223583461
691718,"Crow-Armstrong, Pete","725","0.90174129353233830846","511",70.57432739310337,"0.08000000000000000000",0.33659491193737767,0.23724137931034484,0.12524461839530332,0.08827586206896551,"7.1605468000000000","10",-14.344975542316446,"214",0.29517241379310344,"240",0.3310344827586207
666971,"Gurriel Jr., Lourdes","888","0.90243902439024390244","724",70.56687377252257,"0.09459459459459459459",0.3149171270718232,0.25675675675675674,0.13397790055248618,0.10923423423423423,"7.4797689414414414","12",-8.98495588102275,"164",0.18468468468468469,"359",0.40427927927927926
681807,"Fry, David","643","0.90819209039548022599","506",70.53802297045105,"0.09331259720062208398",0.2924901185770751,0.2301710730948678,0.12450592885375494,0.09797822706065319,"7.7757646500777605","17",-1.9053308230749644,"137",0.2130637636080871,"225",0.3499222395023328
669707,"Triolo, Jared","694","0.90129870129870129870","522",70.46910377521614,"0.06195965417867435159",0.30268199233716475,0.2276657060518732,0.12835249042145594,0.09654178674351585,"7.8261414985590778","19",-20.27931083542839,"172",0.2478386167146974,"245",0.3530259365994236
605137,"Bell, Josh","914","0.90049261083743842365","690",70.42516660831511,"0.14989059080962800875",0.36086956521739133,0.2724288840262582,0.1536231884057971,0.11597374179431072,"7.8739934354485777","14",-17.74501284077387,"224",0.24507658643326038,"368",0.4026258205689278
683737,"Busch, Michael","909","0.90000000000000000000","654",70.26384858085808,"0.11331133113311331133",0.35015290519877673,0.25192519251925194,0.13302752293577982,0.09570957095709572,"7.2679910781078108","18",-15.149658198175395,"255",0.28052805280528054,"299",0.32893289328932895
641680,"Heim, Jonah","804","0.90337078651685393258","644",70.24809749999991,"0.09701492537313432836",0.34627329192546585,0.277363184079602,0.11180124223602485,0.08955223880597014,"7.4253790796019900","9",-36.842771586940124,"160",0.19900497512437812,"317",0.39427860696517414
691026,"Winn, Masyn","1000","0.90009000900090009001","823",70.22580168999997,"0.11500000000000000000",0.3219927095990279,0.265,0.12029161603888214,0.099,"7.3216748500000000","14",-14.944139712501082,"177",0.177,"423",0.423
672761,"Pérez, Wenceel","695","0.90259740259740259740","554",70.21233546762592,"0.09208633093525179856",0.3194945848375451,0.25467625899280577,0.09025270758122744,0.07194244604316546,"6.8537985323741007","4",-10.613629264895717,"141",0.20287769784172663,"256",0.3683453237410072
669701,"Smith, Josh","945","0.90085795996186844614","737",70.14938827513234,"0.06772486772486772487",0.3568521031207598,0.2783068783068783,0.11804613297150611,0.09206349206349207,"6.8247683597883598","10",-10.88496157786797,"208",0.2201058201058201,"369",0.3904761904761905
650402,"Torres, Gleyber","1081","0.90611902766135792121","858",70.10306504162808,"0.08973172987974098057",0.3275058275058275,0.2599444958371878,0.10023310023310024,0.07955596669750231,"7.2473463829787234","21",-22.97086690539321,"223",0.2062904717853839,"397",0.36725254394079554
678882,"Rafaela, Ceddanne","1080","0.90301003344481605351","742",70.06628733333339,"0.06759259259259259259",0.3045822102425876,0.20925925925925926,0.11455525606469003,0.0787037037037037,"7.4618033055555556","24",-10.212734552648788,"338",0.31296296296296294,"341",0.31574074074074077
621493,"Ward, Taylor","938","0.90279114533205004812","724",69.82862109808103,"0.08422174840085287846",0.3839779005524862,0.29637526652452023,0.1477900552486188,0.1140724946695096,"7.0535211194029851","23",-20.47221590545445,"214",0.2281449893390192,"375",0.3997867803837953
676914,"Schneider, Davis","685","0.90369393139841688654","501",69.82833648175176,"0.06131386861313868613",0.3013972055888224,0.22043795620437956,0.10379241516966067,0.07591240875912408,"6.9222197226277372","25",-28.72256827786133,"184",0.2686131386861314,"218",0.3182481751824818
518692,"Freeman, Freddie","1029","0.90026246719160104987","838",69.76940299319743,"0.10106899902818270165",0.3329355608591885,0.27113702623906705,0.1276849642004773,0.10398445092322643,"6.7736792322643343","10",-24.37811489699335,"191",0.18561710398445092,"385",0.3741496598639456
593871,"Polanco, Jorge","726","0.90298507462686567164","533",69.74098358126726,"0.07851239669421487603",0.31894934333958724,0.23415977961432508,0.1200750469043152,0.0881542699724518,"7.1939335261707989","17",-23.57413691824889,"192",0.2644628099173554,"238",0.3278236914600551
676609,"Caballero, José","751","0.90047961630695443645","549",69.69669920106517,"0.15579227696404793609",0.28233151183970856,0.20639147802929428,0.08925318761384335,0.06524633821571238,"6.9601962716378162","18",-21.89314878648559,"202",0.26897470039946736,"250",0.33288948069241014
680977,"Donovan, Brendan","899","0.90080160320641282565","780",69.62546680756407,"0.07230255839822024472",0.40512820512820513,0.3515016685205784,0.13846153846153847,0.12013348164627363,"6.8902059733036707","14",-14.979830119701607,"119",0.13236929922135707,"453",0.5038932146829811
608385,"Winker, Jesse","757","0.90767386091127098321","626",69.54365451783363,"0.07397622192866578600",0.3226837060702875,0.2668428005284016,0.1134185303514377,0.09379128137384413,"7.2895939894319683","18",-6.470438915207738,"131",0.17305151915455746,"288",0.380449141347424
677587,"Rocchio, Brayan","649","0.90389972144846796657","499",69.49924913713403,"0.03235747303543913713",0.3046092184368738,0.23420647149460708,0.07414829659318638,0.05701078582434515,"7.2906047303543914","9",-31.165039303920015,"150",0.23112480739599384,"255",0.3929121725731895
687462,"Horwitz, Spencer","629","0.90114613180515759312","514",69.4965129729729,"0.09538950715421303657",0.3346303501945525,0.27344992050874406,0.11089494163424124,0.09062003179650238,"6.9986903974562798","10",-9.169422488748458,"115",0.18282988871224165,"234",0.37201907790143085
630105,"Cronenworth, Jake","1001","0.89856373429084380610","836",69.45034310689316,"0.06293706293706293706",0.3181818181818182,0.26573426573426573,0.11842105263157894,0.0989010989010989,"7.0788899700299700","11",-29.180085810392377,"165",0.16483516483516483,"387",0.3866133866133866
663368,"Perkins, Blake","622","0.90935672514619883041","450",69.42762384244374,"0.03215434083601286174",0.42444444444444446,0.3070739549839228,0.12666666666666668,0.09163987138263666,"7.3020261575562701","13",-19.62505383020195,"172",0.2765273311897106,"247",0.3971061093247588
514888,"Altuve, Jose","1007","0.89910714285714285714","791",69.40963554121159,"0.13008937437934458788",0.3324905183312263,0.2611717974180735,0.0897597977243995,0.070506454816286,"7.7843422343594836","10",-8.476282643831446,"216",0.21449851042701093,"397",0.394240317775571
643289,"Dubón, Mauricio","752","0.90384615384615384615","620",69.39941690159567,"0.06648936170212765957",0.33225806451612905,0.27393617021276595,0.06774193548387097,0.05585106382978723,"7.6245488297872340","14",-18.54943431031895,"132",0.17553191489361702,"312",0.4148936170212766
683011,"Volpe, Anthony","1119","0.89663461538461538462","884",69.30954713136722,"0.03663985701519213584",0.3223981900452489,0.2546916890080429,0.09954751131221719,0.07864164432529044,"7.0759679892761394","28",-35.030684838367684,"235",0.21000893655049152,"423",0.3780160857908847
645277,"Albies, Ozzie","759","0.90464839094159713945","617",69.09036599472995,"0.07509881422924901186",0.33063209076175043,0.26877470355731226,0.08103727714748785,0.06587615283267458,"7.2129474703557312","7",-19.683792704606574,"142",0.18708827404479578,"276",0.36363636363636365
668939,"Rutschman, Adley","982","0.90009165902841429881","827",69.07486558044812,"0.06415478615071283096",0.3567110036275695,0.3004073319755601,0.10640870616686819,0.08961303462321792,"6.9399664460285132","9",-5.772986188683532,"155",0.15784114052953158,"408",0.4154786150712831
605141,"Betts, Mookie","637","0.89844851904090267983","559",68.99552681318679,"0.09576138147566718995",0.42397137745974955,0.37205651491365777,0.11806797853309481,0.10361067503924647,"6.9132998273155416","19",-6.184626223189177,"78",0.12244897959183673,"322",0.5054945054945055
641355,"Bellinger, Cody","891","0.90000000000000000000","708",68.9737260718295,"0.05162738496071829405",0.3855932203389831,0.3063973063973064,0.09745762711864407,0.07744107744107744,"7.6118192480359147","22",-4.059287560719902,"183",0.2053872053872054,"380",0.4264870931537598
643446,"McNeil, Jeff","802","0.90519187358916478555","684",68.80150387780544,"0.05361596009975062344",0.32456140350877194,0.27680798004987534,0.0804093567251462,0.0685785536159601,"7.2238249002493766","23",-19.73808566797951,"118",0.14713216957605985,"318",0.39650872817955113
676694,"Meyers, Jake","713","0.90139064475347661188","538",68.62223685834509,"0.07854137447405329593",0.3159851301115242,0.23842917251051893,0.10594795539033457,0.07994389901823282,"7.0020064656381487","30",-30.02909193248318,"175",0.24544179523141654,"274",0.38429172510518933
600869,"Candelario, Jeimer","752","0.90059880239520958084","543",68.44630599734036,"0.05053191489361702128",0.3425414364640884,0.2473404255319149,0.09944751381215469,0.07180851063829788,"7.8080113962765957","18",-20.38562258353648,"209",0.2779255319148936,"269",0.35771276595744683
592192,"Canha, Mark","678","0.90279627163781624501","540",68.43849165191743,"0.03982300884955752212",0.3648148148148148,0.29056047197640117,0.10555555555555556,0.084070796460177,"7.2187519321533923","14",-24.37816568553952,"138",0.20353982300884957,"262",0.3864306784660767
543760,"Semien, Marcus","1112","0.89967637540453074434","909",68.33932098920877,"0.04226618705035971223",0.37513751375137516,0.3066546762589928,0.11991199119911991,0.09802158273381295,"7.6566657194244604","27",-28.875838185592876,"203",0.18255395683453238,"482",0.43345323741007197
657077,"Verdugo, Alex","844","0.90460878885316184352","709",68.3358392061612,"0.07464454976303317536",0.39774330042313116,0.3341232227488152,0.10860366713681241,0.09123222748815166,"6.3173918957345972","5",-37.38038032762021,"135",0.15995260663507108,"384",0.4549763033175355
680474,"Schuemann, Max","665","0.89986468200270635995","488",68.32967539849626,"0.02105263157894736842",0.38729508196721313,0.28421052631578947,0.08811475409836066,0.06466165413533835,"6.6675831278195489","15",-26.104310362439417,"177",0.2661654135338346,"253",0.3804511278195489
665926,"Giménez, Andrés","1098","0.90073831009023789992","841",68.26372438069221,"0.06921675774134790528",0.31747919143876335,0.24316939890710382,0.07728894173602854,0.05919854280510018,"7.0078487249544627","12",-42.065022166180135,"257",0.23406193078324225,"395",0.35974499089253187
663538,"Hoerner, Nico","950","0.90218423551756885090","851",68.21666510526308,"0.02842105263157894737",0.3537015276145711,0.31684210526315787,0.07168037602820211,0.06421052631578947,"7.1324602947368421","11",-17.242757549345466,"99",0.10421052631578948,"453",0.4768421052631579
670623,"Paredes, Isaac","1069","0.89983164983164983165","897",68.20256696913005,"0.04770813844714686623",0.2887402452619844,0.2422825070159027,0.06465997770345597,0.05425631431244153,"7.9979639756782039","13",-20.808420974594867,"172",0.16089803554724041,"381",0.35640785781103834
681082,"Stott, Bryson","859","0.90041928721174004193","736",68.19075182770668,"0.01862630966239813737",0.35190217391304346,0.30151338766006985,0.08831521739130435,0.07566938300349244,"7.0718859371362049","22",-24.395514167422537,"123",0.14318975552968569,"376",0.43771827706635624
570482,"Urshela, Gio","800","0.90090090090090090090","647",68.18910337500003,"0.04125000000000000000",0.357032457496136,0.28875,0.09119010819165378,0.07375,"7.1262678000000000","10",-16.22407401183992,"153",0.19125,"334",0.4175
696285,"Young, Jacob","707","0.89949109414758269720","582",68.17035115983043,"0.01414427157001414427",0.35738831615120276,0.2942008486562942,0.08934707903780069,0.07355021216407355,"6.9340582602545969","20",-16.187120846141177,"125",0.1768033946251768,"320",0.4526166902404526
643217,"Benintendi, Andrew","809","0.90089086859688195991","649",68.03703080346109,"0.00988875154511742892",0.3975346687211094,0.3189122373300371,0.09090909090909091,0.07292954264524104,"6.7080108652657602","12",-19.24661130923128,"160",0.19777503090234858,"344",0.4252163164400494
669257,"Smith, Will","842","0.89765458422174840085","683",67.85493305225657,"0.03087885985748218527",0.33382137628111275,0.27078384798099764,0.10688140556368961,0.08669833729216152,"7.1673399049881235","27",-31.960273916708893,"159",0.18883610451306412,"308",0.3657957244655582
453568,"Blackmon, Charlie","760","0.89940828402366863905","617",67.41614263157891,"0.02368421052631578947",0.293354943273906,0.2381578947368421,0.06645056726094004,0.05394736842105263,"7.1469542368421053","5",-16.354599757920788,"143",0.1881578947368421,"301",0.3960526315789474
664983,"McCarthy, Jake","720","0.90000000000000000000","601",67.34480161111118,"0.03055555555555555556",0.3178036605657238,0.2652777777777778,0.06821963394342762,0.05694444444444444,"6.7180875555555556","12",-2.078949112636411,"119",0.16527777777777777,"308",0.42777777777777776
643396,"Kiner-Falefa, Isiah","649","0.90013869625520110957","557",67.02468097072413,"0.02157164869029275809",0.40933572710951527,0.35130970724191063,0.10053859964093358,0.08628659476117104,"6.8225511248073960","11",-13.942032669380186,"92",0.14175654853620956,"330",0.5084745762711864
676391,"Clement, Ernie","689","0.90065359477124183007","609",66.75706666182869,"0.01015965166908563135",0.41707717569786534,0.3686502177068215,0.06896551724137931,0.06095791001451379,"6.8174481712626996","13",5.29130439100873,"80",0.11611030478955008,"348",0.5050798258345428
668942,"Rojas, Josh","726","0.89962825278810408922","562",66.577504600551,"0.00826446280991735537",0.37544483985765126,0.290633608815427,0.099644128113879,0.07713498622589532,"7.2540734159779614","15",-28.79478825706236,"164",0.22589531680440772,"266",0.36639118457300274
660688,"Ruiz, Keibert","729","0.89889025893958076449","652",66.38776478738004,"0.00960219478737997257",0.37883435582822084,0.3388203017832647,0.07975460122699386,0.07133058984910837,"7.0937579286694102","10",-21.004493866390852,"77",0.1056241426611797,"351",0.48148148148148145
686217,"Frelick, Sal","707","0.90063694267515923567","622",66.26557333804809,"0.02545968882602545969",0.36012861736334406,0.31683168316831684,0.05787781350482315,0.05091937765205092,"6.9311396181046676","10",-6.848749237974675,"85",0.12022630834512023,"338",0.4780763790664781
668930,"Turang, Brice","926","0.89815712900096993210","798",66.16488775377968,"0.03347732181425485961",0.3383458646616541,0.2915766738660907,0.06140350877192982,0.052915766738660906,"6.0767752915766739","12",-25.96872104934754,"128",0.13822894168466524,"373",0.40280777537796975
694384,"Schanuel, Nolan","782","0.89988492520138089758","681",65.1667852173913,"0.02429667519181585678",0.3656387665198238,0.31841432225063937,0.055800293685756244,0.04859335038363171,"6.5646771483375959","13",-19.135142923376538,"101",0.12915601023017903,"343",0.43861892583120204
457759,"Turner, Justin","860","0.89958158995815899582","738",65.05838948837206,"0.00813953488372093023",0.3252032520325203,0.27906976744186046,0.05013550135501355,0.04302325581395349,"6.3349910813953488","16",-18.69886105951084,"122",0.14186046511627906,"315",0.36627906976744184
680757,"Kwan, Steven","673","0.90945945945945945946","623",64.4277305943536,"0.00445765230312035661",0.4173354735152488,0.3863298662704309,0.06260032102728733,0.05794947994056464,"6.4515007280832095","6",-6.8628473020622875,"50",0.07429420505200594,"344",0.5111441307578009
670032,"Lopez, Nicky","640","0.90014064697609001406","522",64.15240400000002,"0.00468750000000000000",0.39655172413793105,0.3234375,0.03065134099616858,0.025,"6.7076191875000000","16",-20.91754679886569,"118",0.184375,"274",0.428125
650333,"Arraez, Luis","959","0.90046948356807511737","903",63.14996060479665,"0.00208550573514077164",0.45957918050941304,0.43274244004171014,0.046511627906976744,0.043795620437956206,"5.9578155578727842","8",-13.578669213316804,"56",0.058394160583941604,"493",0.5140771637122002